{
  "0": {
    "precision": 0.0,
    "recall": 0.0,
    "f1-score": 0.0,
    "support": 10.0
  },
  "1": {
    "precision": 0.5,
    "recall": 0.9,
    "f1-score": 0.6428571428571429,
    "support": 20.0
  },
  "2": {
    "precision": 0.0,
    "recall": 0.0,
    "f1-score": 0.0,
    "support": 10.0
  },
  "accuracy": 0.45,
  "macro avg": {
    "precision": 0.16666666666666666,
    "recall": 0.3,
    "f1-score": 0.2142857142857143,
    "support": 40.0
  },
  "weighted avg": {
    "precision": 0.25,
    "recall": 0.45,
    "f1-score": 0.32142857142857145,
    "support": 40.0
  }
}