{
  "0": {
    "precision": 0.0,
    "recall": 0.0,
    "f1-score": 0.0,
    "support": 10.0
  },
  "1": {
    "precision": 0.45714285714285713,
    "recall": 0.8,
    "f1-score": 0.5818181818181818,
    "support": 20.0
  },
  "2": {
    "precision": 0.0,
    "recall": 0.0,
    "f1-score": 0.0,
    "support": 10.0
  },
  "accuracy": 0.4,
  "macro avg": {
    "precision": 0.15238095238095237,
    "recall": 0.26666666666666666,
    "f1-score": 0.19393939393939394,
    "support": 40.0
  },
  "weighted avg": {
    "precision": 0.22857142857142856,
    "recall": 0.4,
    "f1-score": 0.2909090909090909,
    "support": 40.0
  }
}